"StateNum","Age","Respondents","HealthySleepers"
1,18,58,46
1,19,46,33
1,20,48,29
1,21,58,35
1,22,66,42
1,23,93,53
1,24,69,38
1,25,80,54
1,26,71,46
1,27,56,36
1,28,81,41
1,29,85,42
1,30,86,51
1,31,57,26
1,32,78,35
1,33,81,44
1,34,79,40
1,35,90,60
1,36,76,35
1,37,88,48
1,38,82,53
1,39,75,44
1,40,107,66
1,41,94,52
1,42,96,48
1,43,99,55
1,44,88,53
1,45,118,64
1,46,113,51
1,47,110,65
1,48,119,65
1,49,119,65
1,50,157,78
1,51,148,79
1,52,167,87
1,53,178,93
1,54,189,95
1,55,174,89
1,56,180,97
1,57,206,125
1,58,187,104
1,59,196,105
1,60,228,142
1,61,179,128
1,62,230,136
1,63,206,131
1,64,205,122
1,65,222,146
1,66,236,153
1,67,274,190
1,68,178,119
1,69,177,130
1,70,179,124
1,71,136,94
1,72,153,115
1,73,172,115
1,74,151,112
1,75,117,81
1,76,137,97
1,77,111,79
1,78,107,77
1,79,93,73
1,80,688,483
2,18,26,21
2,19,27,20
2,20,35,24
2,21,26,18
2,22,42,24
2,23,46,27
2,24,43,26
2,25,47,33
2,26,42,27
2,27,54,38
2,28,36,24
2,29,63,41
2,30,63,43
2,31,59,34
2,32,56,33
2,33,72,42
2,34,65,42
2,35,73,47
2,36,67,46
2,37,68,49
2,38,62,42
2,39,57,37
2,40,65,40
2,41,53,37
2,42,61,35
2,43,67,38
2,44,70,53
2,45,58,38
2,46,92,69
2,47,57,39
2,48,83,54
2,49,73,52
2,50,96,67
2,51,82,59
2,52,126,81
2,53,110,73
2,54,109,71
2,55,136,90
2,56,123,83
2,57,102,65
2,58,99,74
2,59,105,67
2,60,96,66
2,61,91,61
2,62,111,81
2,63,101,78
2,64,105,78
2,65,77,53
2,66,94,71
2,67,75,54
2,68,86,64
2,69,55,35
2,70,66,48
2,71,61,48
2,72,60,43
2,73,45,31
2,74,48,38
2,75,22,19
2,76,34,25
2,77,42,32
2,78,31,27
2,79,25,20
2,80,167,124
4,18,79,64
4,19,65,50
4,20,63,45
4,21,58,45
4,22,75,55
4,23,66,39
4,24,77,47
4,25,66,41
4,26,72,44
4,27,74,54
4,28,81,51
4,29,70,46
4,30,116,64
4,31,102,65
4,32,118,71
4,33,117,76
4,34,123,80
4,35,125,73
4,36,130,81
4,37,130,81
4,38,129,84
4,39,144,101
4,40,170,114
4,41,117,80
4,42,171,110
4,43,180,114
4,44,168,100
4,45,165,94
4,46,177,102
4,47,201,129
4,48,187,125
4,49,209,140
4,50,227,137
4,51,220,130
4,52,245,167
4,53,268,159
4,54,261,169
4,55,298,202
4,56,242,166
4,57,306,189
4,58,240,157
4,59,302,195
4,60,383,267
4,61,264,179
4,62,334,221
4,63,403,289
4,64,466,312
4,65,424,304
4,66,432,303
4,67,431,303
4,68,354,273
4,69,292,209
4,70,390,288
4,71,365,271
4,72,353,270
4,73,329,237
4,74,295,228
4,75,299,216
4,76,283,224
4,77,257,211
4,78,241,188
4,79,200,151
4,80,1636,1231
5,18,29,21
5,19,14,7
5,20,19,13
5,21,30,22
5,22,25,20
5,23,24,16
5,24,28,19
5,25,37,17
5,26,22,15
5,27,35,23
5,28,30,11
5,29,30,17
5,30,44,25
5,31,25,14
5,32,38,20
5,33,54,31
5,34,46,26
5,35,38,23
5,36,38,25
5,37,40,24
5,38,40,20
5,39,30,24
5,40,51,29
5,41,49,27
5,42,47,23
5,43,47,29
5,44,58,30
5,45,75,43
5,46,48,30
5,47,64,38
5,48,57,34
5,49,71,45
5,50,69,42
5,51,76,46
5,52,83,52
5,53,82,42
5,54,89,56
5,55,107,64
5,56,86,47
5,57,116,75
5,58,113,76
5,59,119,68
5,60,137,88
5,61,108,76
5,62,120,89
5,63,134,90
5,64,120,78
5,65,177,124
5,66,160,112
5,67,149,103
5,68,123,86
5,69,123,87
5,70,115,80
5,71,107,83
5,72,125,90
5,73,115,86
5,74,112,89
5,75,106,74
5,76,91,66
5,77,104,72
5,78,85,64
5,79,84,58
5,80,637,471
6,18,98,66
6,19,101,69
6,20,103,73
6,21,84,52
6,22,107,78
6,23,109,82
6,24,134,86
6,25,134,99
6,26,102,76
6,27,124,89
6,28,130,94
6,29,108,71
6,30,121,83
6,31,94,64
6,32,130,91
6,33,117,80
6,34,112,70
6,35,123,86
6,36,114,71
6,37,122,85
6,38,121,86
6,39,112,74
6,40,142,85
6,41,89,50
6,42,137,93
6,43,109,71
6,44,110,70
6,45,148,93
6,46,126,80
6,47,148,98
6,48,109,62
6,49,127,70
6,50,165,106
6,51,106,75
6,52,136,87
6,53,190,133
6,54,158,100
6,55,164,106
6,56,132,87
6,57,159,100
6,58,152,99
6,59,169,118
6,60,203,131
6,61,113,73
6,62,145,89
6,63,139,90
6,64,228,154
6,65,169,126
6,66,133,99
6,67,169,114
6,68,134,89
6,69,116,89
6,70,131,86
6,71,98,69
6,72,107,79
6,73,101,78
6,74,80,62
6,75,109,82
6,76,84,66
6,77,15,9
6,78,74,50
6,79,66,47
6,80,547,421
8,18,94,69
8,19,101,76
8,20,85,65
8,21,82,55
8,22,74,54
8,23,93,68
8,24,91,71
8,25,113,80
8,26,90,60
8,27,107,75
8,28,119,86
8,29,103,71
8,30,125,89
8,31,128,84
8,32,153,92
8,33,129,94
8,34,158,108
8,35,143,98
8,36,163,128
8,37,176,124
8,38,167,114
8,39,174,123
8,40,205,142
8,41,134,93
8,42,175,130
8,43,176,131
8,44,202,142
8,45,196,142
8,46,177,126
8,47,192,135
8,48,187,138
8,49,222,152
8,50,245,180
8,51,243,168
8,52,238,159
8,53,263,180
8,54,259,186
8,55,292,198
8,56,275,184
8,57,336,242
8,58,287,204
8,59,275,195
8,60,346,252
8,61,297,215
8,62,380,281
8,63,311,234
8,64,299,232
8,65,328,240
8,66,306,242
8,67,351,277
8,68,252,181
8,69,249,196
8,70,255,208
8,71,232,177
8,72,235,178
8,73,216,175
8,74,172,132
8,75,183,146
8,76,154,119
8,77,151,117
8,78,160,126
8,79,135,101
8,80,865,643
9,18,56,41
9,19,34,26
9,20,51,37
9,21,42,30
9,22,53,41
9,23,55,38
9,24,57,37
9,25,58,38
9,26,49,40
9,27,56,38
9,28,63,39
9,29,65,37
9,30,86,54
9,31,51,30
9,32,73,49
9,33,70,40
9,34,75,48
9,35,85,44
9,36,89,48
9,37,76,46
9,38,82,51
9,39,74,50
9,40,109,68
9,41,86,49
9,42,111,64
9,43,108,67
9,44,101,60
9,45,108,78
9,46,141,84
9,47,132,85
9,48,127,77
9,49,160,107
9,50,203,127
9,51,153,109
9,52,159,99
9,53,170,102
9,54,166,117
9,55,161,104
9,56,192,122
9,57,160,107
9,58,187,127
9,59,203,121
9,60,195,132
9,61,202,137
9,62,218,144
9,63,195,136
9,64,170,131
9,65,170,116
9,66,180,140
9,67,189,133
9,68,160,106
9,69,152,115
9,70,165,115
9,71,147,109
9,72,141,104
9,73,123,95
9,74,106,75
9,75,83,61
9,76,92,70
9,77,97,72
9,78,59,43
9,79,94,63
9,80,675,494
10,18,24,17
10,19,19,13
10,20,28,17
10,21,29,16
10,22,21,15
10,23,25,14
10,24,32,21
10,25,23,11
10,26,29,16
10,27,42,24
10,28,32,15
10,29,38,24
10,30,48,28
10,31,36,20
10,32,50,32
10,33,41,26
10,34,25,12
10,35,38,16
10,36,38,23
10,37,43,20
10,38,39,25
10,39,32,24
10,40,41,26
10,41,49,29
10,42,45,28
10,43,49,31
10,44,56,35
10,45,56,38
10,46,53,35
10,47,49,31
10,48,61,26
10,49,63,38
10,50,93,43
10,51,76,42
10,52,104,66
10,53,97,54
10,54,87,54
10,55,106,56
10,56,97,59
10,57,110,69
10,58,90,46
10,59,90,61
10,60,121,74
10,61,90,50
10,62,119,70
10,63,110,70
10,64,88,56
10,65,116,83
10,66,104,72
10,67,109,74
10,68,95,72
10,69,69,50
10,70,101,73
10,71,76,55
10,72,92,66
10,73,68,44
10,74,73,53
10,75,62,45
10,76,61,45
10,77,50,34
10,78,53,42
10,79,58,44
10,80,381,267
11,18,7,5
11,19,14,11
11,20,17,11
11,21,21,15
11,22,21,15
11,23,23,16
11,24,20,13
11,25,32,23
11,26,31,24
11,27,32,20
11,28,27,18
11,29,35,25
11,30,44,30
11,31,31,20
11,32,24,17
11,33,52,34
11,34,42,27
11,35,39,27
11,36,37,23
11,37,39,27
11,38,38,21
11,39,35,24
11,40,47,28
11,41,53,33
11,42,56,36
11,43,53,34
11,44,48,28
11,45,60,39
11,46,47,32
11,47,59,43
11,48,61,43
11,49,59,37
11,50,94,62
11,51,48,27
11,52,86,50
11,53,58,35
11,54,82,48
11,55,90,62
11,56,73,42
11,57,78,62
11,58,97,61
11,59,92,53
11,60,88,65
11,61,124,77
11,62,99,60
11,63,123,74
11,64,95,59
11,65,106,74
11,66,112,72
11,67,98,67
11,68,75,52
11,69,93,69
11,70,81,60
11,71,86,65
11,72,88,66
11,73,61,40
11,74,71,52
11,75,69,51
11,76,60,45
11,77,73,49
11,78,44,29
11,79,34,23
11,80,392,270
12,18,61,41
12,19,52,35
12,20,58,35
12,21,72,45
12,22,59,35
12,23,75,47
12,24,86,55
12,25,79,56
12,26,77,47
12,27,73,41
12,28,71,44
12,29,79,48
12,30,108,62
12,31,56,33
12,32,84,48
12,33,78,48
12,34,87,53
12,35,112,67
12,36,87,47
12,37,85,60
12,38,84,54
12,39,75,44
12,40,105,67
12,41,78,48
12,42,97,61
12,43,111,58
12,44,102,71
12,45,130,87
12,46,100,65
12,47,110,73
12,48,119,73
12,49,131,84
12,50,176,106
12,51,162,93
12,52,187,114
12,53,173,102
12,54,188,118
12,55,216,109
12,56,181,103
12,57,191,123
12,58,196,123
12,59,189,122
12,60,202,135
12,61,171,110
12,62,228,147
12,63,232,146
12,64,247,188
12,65,243,175
12,66,333,238
12,67,271,204
12,68,201,154
12,69,201,145
12,70,232,174
12,71,223,163
12,72,221,160
12,73,180,129
12,74,181,133
12,75,199,149
12,76,147,104
12,77,165,120
12,78,210,151
12,79,157,112
12,80,1283,968
13,18,47,30
13,19,51,39
13,20,39,23
13,21,53,27
13,22,45,27
13,23,48,28
13,24,47,26
13,25,47,25
13,26,41,24
13,27,56,36
13,28,57,25
13,29,57,39
13,30,61,39
13,31,50,26
13,32,61,40
13,33,57,40
13,34,66,33
13,35,82,53
13,36,58,36
13,37,60,31
13,38,72,44
13,39,53,34
13,40,77,46
13,41,61,40
13,42,87,50
13,43,90,48
13,44,97,59
13,45,111,58
13,46,88,47
13,47,86,42
13,48,113,68
13,49,81,48
13,50,133,86
13,51,93,54
13,52,124,69
13,53,116,67
13,54,140,81
13,55,143,79
13,56,127,64
13,57,151,89
13,58,130,83
13,59,129,80
13,60,169,107
13,61,135,82
13,62,185,111
13,63,140,91
13,64,147,96
13,65,156,106
13,66,170,118
13,67,176,128
13,68,110,80
13,69,113,77
13,70,129,87
13,71,97,72
13,72,143,105
13,73,91,60
13,74,102,69
13,75,112,77
13,76,95,66
13,77,73,48
13,78,77,54
13,79,61,44
13,80,483,338
15,18,70,45
15,19,77,58
15,20,68,42
15,21,88,61
15,22,72,41
15,23,91,52
15,24,81,43
15,25,81,46
15,26,98,62
15,27,80,51
15,28,88,42
15,29,84,49
15,30,111,63
15,31,89,49
15,32,97,64
15,33,89,48
15,34,91,49
15,35,90,60
15,36,74,50
15,37,83,44
15,38,93,52
15,39,74,41
15,40,99,63
15,41,52,33
15,42,107,57
15,43,116,66
15,44,99,55
15,45,83,45
15,46,104,54
15,47,128,68
15,48,96,59
15,49,102,60
15,50,140,78
15,51,114,58
15,52,126,60
15,53,109,61
15,54,139,86
15,55,136,77
15,56,154,80
15,57,133,77
15,58,148,80
15,59,170,102
15,60,218,131
15,61,159,94
15,62,195,116
15,63,154,97
15,64,151,103
15,65,169,97
15,66,188,121
15,67,149,92
15,68,160,104
15,69,130,76
15,70,148,90
15,71,87,54
15,72,116,66
15,73,94,59
15,74,81,59
15,75,89,51
15,76,50,32
15,77,85,50
15,78,83,43
15,79,54,39
15,80,472,310
16,18,51,40
16,19,43,31
16,20,49,42
16,21,37,25
16,22,50,29
16,23,37,24
16,24,45,27
16,25,51,33
16,26,42,29
16,27,55,37
16,28,42,33
16,29,36,26
16,30,53,34
16,31,66,43
16,32,63,35
16,33,70,44
16,34,74,35
16,35,75,47
16,36,55,33
16,37,63,45
16,38,53,31
16,39,53,31
16,40,65,49
16,41,58,39
16,42,74,52
16,43,71,48
16,44,65,45
16,45,72,48
16,46,62,42
16,47,63,43
16,48,66,46
16,49,81,51
16,50,91,67
16,51,95,65
16,52,90,65
16,53,103,60
16,54,99,61
16,55,115,74
16,56,106,70
16,57,124,91
16,58,109,74
16,59,109,76
16,60,151,99
16,61,125,83
16,62,140,98
16,63,125,94
16,64,125,80
16,65,127,99
16,66,137,99
16,67,128,100
16,68,124,98
16,69,95,72
16,70,111,83
16,71,114,87
16,72,89,65
16,73,92,69
16,74,80,62
16,75,96,79
16,76,73,53
16,77,64,53
16,78,90,66
16,79,66,49
16,80,447,336
17,18,48,38
17,19,44,28
17,20,44,26
17,21,45,26
17,22,40,26
17,23,56,34
17,24,51,36
17,25,58,36
17,26,43,28
17,27,43,28
17,28,45,28
17,29,42,33
17,30,46,29
17,31,47,34
17,32,55,29
17,33,59,39
17,34,60,36
17,35,53,37
17,36,47,28
17,37,52,31
17,38,68,47
17,39,57,38
17,40,52,38
17,41,57,33
17,42,77,54
17,43,54,31
17,44,80,50
17,45,77,49
17,46,56,38
17,47,73,42
17,48,91,54
17,49,71,49
17,50,114,80
17,51,84,49
17,52,103,69
17,53,118,84
17,54,98,65
17,55,97,60
17,56,87,60
17,57,102,56
17,58,96,62
17,59,103,70
17,60,108,66
17,61,92,64
17,62,104,73
17,63,121,80
17,64,95,71
17,65,104,77
17,66,105,78
17,67,112,76
17,68,64,46
17,69,78,54
17,70,97,71
17,71,101,75
17,72,87,65
17,73,82,62
17,74,66,53
17,75,76,59
17,76,58,43
17,77,58,51
17,78,60,45
17,79,47,39
17,80,429,343
18,18,95,70
18,19,97,73
18,20,72,44
18,21,65,41
18,22,79,53
18,23,70,43
18,24,95,51
18,25,69,46
18,26,82,43
18,27,67,37
18,28,87,47
18,29,83,51
18,30,84,48
18,31,79,45
18,32,118,65
18,33,99,62
18,34,107,63
18,35,125,72
18,36,117,67
18,37,104,58
18,38,114,69
18,39,101,54
18,40,127,73
18,41,109,70
18,42,156,92
18,43,187,121
18,44,135,94
18,45,150,89
18,46,153,100
18,47,174,99
18,48,179,102
18,49,180,110
18,50,220,122
18,51,185,97
18,52,209,128
18,53,219,121
18,54,246,150
18,55,261,146
18,56,266,163
18,57,268,154
18,58,236,137
18,59,273,176
18,60,273,181
18,61,280,178
18,62,262,165
18,63,300,215
18,64,302,215
18,65,270,202
18,66,245,164
18,67,280,199
18,68,246,179
18,69,155,114
18,70,244,188
18,71,205,146
18,72,209,167
18,73,176,126
18,74,194,145
18,75,179,127
18,76,161,110
18,77,167,130
18,78,152,119
18,79,142,98
18,80,1136,895
19,18,62,41
19,19,61,42
19,20,43,32
19,21,69,52
19,22,57,40
19,23,63,41
19,24,41,29
19,25,71,52
19,26,61,42
19,27,61,41
19,28,70,44
19,29,67,43
19,30,59,34
19,31,76,56
19,32,74,51
19,33,75,49
19,34,77,55
19,35,83,57
19,36,103,61
19,37,87,59
19,38,94,58
19,39,88,57
19,40,94,61
19,41,70,50
19,42,106,70
19,43,104,68
19,44,100,74
19,45,103,67
19,46,111,68
19,47,143,101
19,48,147,105
19,49,100,57
19,50,148,103
19,51,121,83
19,52,162,106
19,53,186,128
19,54,149,100
19,55,188,135
19,56,170,116
19,57,211,147
19,58,178,125
19,59,170,128
19,60,204,149
19,61,170,129
19,62,234,171
19,63,197,145
19,64,170,117
19,65,202,161
19,66,188,149
19,67,219,179
19,68,161,134
19,69,145,110
19,70,136,107
19,71,151,119
19,72,135,106
19,73,122,98
19,74,129,102
19,75,119,99
19,76,123,95
19,77,92,74
19,78,105,84
19,79,94,75
19,80,876,684
20,18,130,99
20,19,141,98
20,20,129,92
20,21,136,87
20,22,127,95
20,23,116,87
20,24,123,82
20,25,132,88
20,26,106,71
20,27,130,78
20,28,151,93
20,29,160,98
20,30,177,118
20,31,150,97
20,32,186,116
20,33,171,105
20,34,148,100
20,35,190,115
20,36,151,100
20,37,155,96
20,38,172,116
20,39,154,94
20,40,153,105
20,41,120,79
20,42,172,124
20,43,203,125
20,44,181,127
20,45,204,131
20,46,188,133
20,47,221,139
20,48,213,152
20,49,214,131
20,50,252,153
20,51,208,142
20,52,254,178
20,53,275,173
20,54,271,174
20,55,277,174
20,56,292,208
20,57,319,223
20,58,305,214
20,59,304,215
20,60,332,233
20,61,294,204
20,62,338,270
20,63,332,234
20,64,329,242
20,65,345,254
20,66,281,223
20,67,323,265
20,68,239,184
20,69,249,194
20,70,255,178
20,71,244,185
20,72,222,178
20,73,203,153
20,74,184,155
20,75,194,148
20,76,158,116
20,77,169,135
20,78,127,86
20,79,121,101
20,80,1122,867
21,18,55,40
21,19,69,39
21,20,69,45
21,21,60,34
21,22,57,40
21,23,58,34
21,24,66,39
21,25,81,44
21,26,75,43
21,27,69,42
21,28,75,48
21,29,66,30
21,30,77,42
21,31,74,40
21,32,81,41
21,33,93,55
21,34,108,67
21,35,107,54
21,36,104,57
21,37,97,46
21,38,110,61
21,39,106,57
21,40,126,81
21,41,108,63
21,42,133,73
21,43,160,89
21,44,167,89
21,45,159,83
21,46,163,85
21,47,174,101
21,48,185,97
21,49,171,94
21,50,234,125
21,51,199,110
21,52,245,136
21,53,218,127
21,54,222,123
21,55,255,138
21,56,253,139
21,57,259,149
21,58,256,146
21,59,299,178
21,60,304,188
21,61,251,155
21,62,326,202
21,63,293,197
21,64,325,219
21,65,308,212
21,66,297,206
21,67,338,238
21,68,226,137
21,69,241,170
21,70,242,161
21,71,202,144
21,72,214,138
21,73,218,155
21,74,180,125
21,75,188,142
21,76,180,125
21,77,135,101
21,78,108,67
21,79,123,87
21,80,743,563
22,18,60,42
22,19,53,41
22,20,44,29
22,21,80,51
22,22,72,47
22,23,48,36
22,24,72,39
22,25,79,50
22,26,75,53
22,27,77,45
22,28,78,51
22,29,78,48
22,30,81,45
22,31,83,53
22,32,78,47
22,33,73,39
22,34,73,38
22,35,83,49
22,36,81,45
22,37,77,33
22,38,66,37
22,39,71,42
22,40,92,55
22,41,65,37
22,42,103,64
22,43,85,45
22,44,89,49
22,45,104,67
22,46,103,63
22,47,116,79
22,48,129,74
22,49,111,69
22,50,152,100
22,51,123,68
22,52,148,89
22,53,147,91
22,54,132,80
22,55,161,97
22,56,157,98
22,57,122,78
22,58,177,104
22,59,167,107
22,60,176,104
22,61,137,87
22,62,183,124
22,63,154,103
22,64,149,104
22,65,159,112
22,66,163,116
22,67,158,110
22,68,136,99
22,69,125,89
22,70,113,86
22,71,123,92
22,72,117,81
22,73,109,83
22,74,102,71
22,75,90,69
22,76,97,71
22,77,81,59
22,78,79,61
22,79,76,54
22,80,484,361
23,18,47,41
23,19,57,39
23,20,49,34
23,21,52,36
23,22,65,41
23,23,60,48
23,24,39,25
23,25,62,35
23,26,69,42
23,27,72,45
23,28,63,36
23,29,54,33
23,30,71,43
23,31,51,35
23,32,80,48
23,33,79,51
23,34,67,44
23,35,74,45
23,36,82,47
23,37,84,54
23,38,90,60
23,39,82,53
23,40,87,57
23,41,68,45
23,42,104,65
23,43,125,84
23,44,107,71
23,45,100,61
23,46,131,90
23,47,164,116
23,48,139,83
23,49,152,92
23,50,162,95
23,51,149,105
23,52,177,114
23,53,197,135
23,54,209,138
23,55,211,136
23,56,221,139
23,57,216,151
23,58,220,153
23,59,226,149
23,60,229,166
23,61,227,151
23,62,267,199
23,63,225,166
23,64,222,154
23,65,276,193
23,66,227,170
23,67,257,191
23,68,212,166
23,69,169,129
23,70,214,162
23,71,202,150
23,72,185,143
23,73,137,92
23,74,139,99
23,75,144,109
23,76,133,98
23,77,126,100
23,78,102,79
23,79,86,61
23,80,744,546
24,18,64,47
24,19,54,40
24,20,36,22
24,21,58,40
24,22,45,26
24,23,41,24
24,24,59,30
24,25,64,41
24,26,54,26
24,27,51,36
24,28,74,47
24,29,68,46
24,30,99,46
24,31,78,51
24,32,94,56
24,33,77,39
24,34,96,58
24,35,134,65
24,36,132,79
24,37,115,65
24,38,106,63
24,39,137,85
24,40,160,91
24,41,130,81
24,42,177,105
24,43,190,115
24,44,167,100
24,45,194,123
24,46,141,93
24,47,171,93
24,48,210,119
24,49,229,133
24,50,282,178
24,51,217,146
24,52,277,177
24,53,249,145
24,54,279,151
24,55,281,171
24,56,304,193
24,57,277,187
24,58,318,213
24,59,284,160
24,60,412,272
24,61,338,212
24,62,277,165
24,63,309,205
24,64,280,192
24,65,329,208
24,66,317,219
24,67,358,240
24,68,277,199
24,69,246,181
24,70,289,201
24,71,248,162
24,72,269,178
24,73,213,140
24,74,187,135
24,75,211,156
24,76,173,118
24,77,129,97
24,78,162,122
24,79,147,102
24,80,1123,808
25,18,100,71
25,19,87,55
25,20,79,58
25,21,82,59
25,22,94,66
25,23,108,84
25,24,130,82
25,25,111,72
25,26,116,76
25,27,113,70
25,28,119,85
25,29,115,74
25,30,133,79
25,31,127,74
25,32,151,97
25,33,144,96
25,34,162,103
25,35,149,93
25,36,168,106
25,37,146,95
25,38,142,91
25,39,155,90
25,40,167,111
25,41,143,96
25,42,171,115
25,43,199,113
25,44,199,127
25,45,195,131
25,46,211,139
25,47,322,207
25,48,234,143
25,49,228,144
25,50,309,187
25,51,246,149
25,52,313,187
25,53,309,188
25,54,287,172
25,55,358,206
25,56,316,168
25,57,346,216
25,58,337,232
25,59,357,236
25,60,395,246
25,61,400,263
25,62,557,355
25,63,326,212
25,64,344,230
25,65,414,285
25,66,386,275
25,67,440,290
25,68,325,221
25,69,278,181
25,70,329,226
25,71,322,233
25,72,267,191
25,73,240,176
25,74,223,162
25,75,225,166
25,76,171,120
25,77,181,123
25,78,179,125
25,79,163,102
25,80,1509,1081
26,18,82,59
26,19,86,62
26,20,58,39
26,21,78,46
26,22,88,61
26,23,80,51
26,24,85,47
26,25,71,43
26,26,83,53
26,27,63,41
26,28,56,40
26,29,64,41
26,30,63,38
26,31,77,42
26,32,83,42
26,33,65,35
26,34,92,48
26,35,87,53
26,36,77,50
26,37,72,37
26,38,72,40
26,39,64,30
26,40,89,48
26,41,76,42
26,42,89,57
26,43,118,63
26,44,101,49
26,45,110,71
26,46,129,77
26,47,118,72
26,48,146,86
26,49,121,69
26,50,157,104
26,51,142,89
26,52,163,101
26,53,168,102
26,54,174,103
26,55,180,115
26,56,181,112
26,57,224,148
26,58,216,142
26,59,190,128
26,60,204,137
26,61,169,117
26,62,243,172
26,63,229,162
26,64,193,133
26,65,193,136
26,66,197,155
26,67,230,168
26,68,162,108
26,69,169,122
26,70,165,124
26,71,167,135
26,72,159,120
26,73,133,101
26,74,118,91
26,75,112,82
26,76,113,77
26,77,117,95
26,78,95,81
26,79,77,56
26,80,680,501
27,18,157,113
27,19,135,93
27,20,155,108
27,21,147,109
27,22,135,87
27,23,153,109
27,24,173,122
27,25,177,120
27,26,159,109
27,27,165,112
27,28,193,133
27,29,178,114
27,30,229,153
27,31,206,131
27,32,231,151
27,33,207,130
27,34,200,131
27,35,234,147
27,36,216,150
27,37,237,165
27,38,206,139
27,39,189,134
27,40,226,166
27,41,162,125
27,42,236,162
27,43,223,150
27,44,267,184
27,45,255,194
27,46,257,185
27,47,283,199
27,48,240,165
27,49,263,186
27,50,359,233
27,51,311,209
27,52,349,250
27,53,356,254
27,54,364,252
27,55,364,251
27,56,322,234
27,57,378,276
27,58,369,283
27,59,364,246
27,60,378,278
27,61,407,295
27,62,398,294
27,63,334,249
27,64,347,257
27,65,377,300
27,66,320,241
27,67,365,291
27,68,273,212
27,69,218,171
27,70,243,190
27,71,233,197
27,72,235,183
27,73,203,154
27,74,211,164
27,75,201,155
27,76,156,121
27,77,176,147
27,78,134,105
27,79,154,108
27,80,1028,788
28,18,31,22
28,19,18,10
28,20,24,14
28,21,22,13
28,22,39,28
28,23,32,22
28,24,29,15
28,25,33,17
28,26,28,19
28,27,31,20
28,28,32,16
28,29,35,22
28,30,33,23
28,31,24,19
28,32,41,19
28,33,36,21
28,34,37,27
28,35,44,21
28,36,44,25
28,37,43,20
28,38,40,25
28,39,39,18
28,40,43,21
28,41,33,17
28,42,39,23
28,43,54,30
28,44,57,37
28,45,55,38
28,46,47,21
28,47,52,37
28,48,42,24
28,49,60,33
28,50,72,43
28,51,72,40
28,52,70,36
28,53,84,50
28,54,95,51
28,55,77,52
28,56,81,54
28,57,85,58
28,58,83,57
28,59,100,58
28,60,109,69
28,61,86,53
28,62,92,63
28,63,87,56
28,64,112,73
28,65,123,85
28,66,95,65
28,67,91,62
28,68,91,53
28,69,80,55
28,70,85,63
28,71,71,53
28,72,72,50
28,73,80,58
28,74,81,66
28,75,67,44
28,76,62,40
28,77,64,39
28,78,63,40
28,79,40,29
28,80,359,249
29,18,55,43
29,19,45,28
29,20,55,42
29,21,52,40
29,22,48,32
29,23,40,26
29,24,40,30
29,25,45,33
29,26,41,23
29,27,61,35
29,28,47,26
29,29,53,33
29,30,68,44
29,31,53,30
29,32,63,29
29,33,59,34
29,34,61,35
29,35,74,48
29,36,68,40
29,37,61,39
29,38,68,35
29,39,56,34
29,40,85,53
29,41,63,37
29,42,84,53
29,43,82,42
29,44,75,45
29,45,80,47
29,46,71,39
29,47,90,54
29,48,90,53
29,49,97,55
29,50,106,68
29,51,114,68
29,52,139,83
29,53,135,83
29,54,137,89
29,55,145,88
29,56,149,87
29,57,178,121
29,58,164,111
29,59,161,114
29,60,170,112
29,61,155,109
29,62,199,139
29,63,169,124
29,64,155,104
29,65,169,116
29,66,172,127
29,67,165,124
29,68,159,122
29,69,135,96
29,70,143,104
29,71,150,108
29,72,154,109
29,73,125,93
29,74,133,95
29,75,119,82
29,76,107,77
29,77,99,75
29,78,95,71
29,79,84,65
29,80,768,580
30,18,59,45
30,19,53,45
30,20,42,35
30,21,41,29
30,22,46,30
30,23,48,34
30,24,62,42
30,25,46,33
30,26,59,40
30,27,53,34
30,28,54,38
30,29,57,36
30,30,71,46
30,31,53,33
30,32,69,49
30,33,92,62
30,34,75,45
30,35,72,56
30,36,86,53
30,37,54,39
30,38,82,49
30,39,73,48
30,40,72,46
30,41,62,43
30,42,75,45
30,43,77,52
30,44,85,60
30,45,97,70
30,46,89,56
30,47,80,60
30,48,123,68
30,49,88,54
30,50,130,82
30,51,121,81
30,52,126,93
30,53,125,92
30,54,159,109
30,55,160,107
30,56,159,96
30,57,173,123
30,58,177,117
30,59,175,129
30,60,219,155
30,61,181,128
30,62,229,163
30,63,198,143
30,64,187,139
30,65,207,153
30,66,177,137
30,67,198,155
30,68,160,111
30,69,133,102
30,70,151,109
30,71,146,115
30,72,151,106
30,73,139,104
30,74,114,77
30,75,138,98
30,76,109,75
30,77,104,83
30,78,99,85
30,79,86,66
30,80,720,543
31,18,171,134
31,19,165,120
31,20,164,116
31,21,185,126
31,22,140,101
31,23,175,107
31,24,181,121
31,25,178,121
31,26,191,115
31,27,186,127
31,28,207,145
31,29,201,137
31,30,210,140
31,31,208,131
31,32,256,168
31,33,226,142
31,34,263,173
31,35,256,170
31,36,230,155
31,37,223,153
31,38,253,167
31,39,246,170
31,40,257,175
31,41,235,143
31,42,282,210
31,43,284,183
31,44,239,158
31,45,249,174
31,46,265,174
31,47,289,209
31,48,276,183
31,49,330,220
31,50,375,237
31,51,374,266
31,52,420,277
31,53,400,280
31,54,405,274
31,55,472,322
31,56,422,280
31,57,435,295
31,58,426,291
31,59,470,350
31,60,537,391
31,61,466,325
31,62,512,387
31,63,491,348
31,64,476,344
31,65,537,403
31,66,427,321
31,67,479,382
31,68,378,290
31,69,373,271
31,70,438,335
31,71,380,285
31,72,376,296
31,73,329,262
31,74,310,247
31,75,336,256
31,76,300,233
31,77,304,238
31,78,285,215
31,79,226,176
31,80,2124,1607
32,18,28,20
32,19,27,20
32,20,29,19
32,21,31,22
32,22,26,15
32,23,32,16
32,24,29,17
32,25,43,24
32,26,33,23
32,27,29,18
32,28,34,21
32,29,29,12
32,30,34,21
32,31,30,20
32,32,59,30
32,33,54,25
32,34,38,31
32,35,51,34
32,36,37,23
32,37,38,20
32,38,44,33
32,39,50,38
32,40,50,29
32,41,36,21
32,42,52,33
32,43,50,33
32,44,66,36
32,45,57,27
32,46,46,30
32,47,56,31
32,48,57,40
32,49,64,43
32,50,78,52
32,51,54,30
32,52,73,35
32,53,60,41
32,54,80,44
32,55,78,46
32,56,51,33
32,57,75,50
32,58,78,49
32,59,73,42
32,60,84,51
32,61,74,53
32,62,88,60
32,63,72,55
32,64,91,66
32,65,90,63
32,66,87,63
32,67,91,58
32,68,68,44
32,69,70,50
32,70,76,59
32,71,70,51
32,72,80,62
32,73,64,44
32,74,65,50
32,75,56,42
32,76,58,39
32,77,52,35
32,78,46,36
32,79,39,29
32,80,263,186
33,18,26,18
33,19,24,15
33,20,30,24
33,21,28,18
33,22,35,23
33,23,40,29
33,24,42,31
33,25,39,22
33,26,38,23
33,27,36,23
33,28,47,31
33,29,38,22
33,30,48,31
33,31,56,36
33,32,54,30
33,33,52,34
33,34,62,40
33,35,76,48
33,36,52,27
33,37,60,37
33,38,51,29
33,39,59,40
33,40,62,42
33,41,54,39
33,42,86,62
33,43,94,65
33,44,82,60
33,45,100,67
33,46,80,48
33,47,89,64
33,48,98,64
33,49,117,72
33,50,123,78
33,51,127,79
33,52,112,72
33,53,130,79
33,54,148,94
33,55,128,87
33,56,128,92
33,57,148,103
33,58,126,89
33,59,164,118
33,60,192,136
33,61,166,108
33,62,166,111
33,63,140,96
33,64,127,88
33,65,185,134
33,66,181,131
33,67,153,113
33,68,141,99
33,69,90,66
33,70,152,107
33,71,112,84
33,72,117,94
33,73,93,66
33,74,81,58
33,75,82,63
33,76,78,62
33,77,74,55
33,78,87,63
33,79,77,63
33,80,508,378
34,18,84,64
34,19,81,60
34,20,86,57
34,21,86,54
34,22,83,50
34,23,88,54
34,24,91,61
34,25,105,62
34,26,100,60
34,27,97,61
34,28,128,82
34,29,115,69
34,30,128,78
34,31,133,67
34,32,150,90
34,33,135,86
34,34,153,101
34,35,167,102
34,36,136,79
34,37,151,94
34,38,160,91
34,39,160,101
34,40,210,136
34,41,125,67
34,42,190,110
34,43,185,124
34,44,204,128
34,45,215,126
34,46,216,131
34,47,241,139
34,48,214,132
34,49,208,110
34,50,318,182
34,51,260,160
34,52,330,214
34,53,262,157
34,54,294,189
34,55,286,173
34,56,287,162
34,57,319,192
34,58,313,177
34,59,318,190
34,60,316,198
34,61,286,173
34,62,310,189
34,63,271,167
34,64,296,192
34,65,315,204
34,66,262,176
34,67,308,207
34,68,226,165
34,69,202,143
34,70,251,172
34,71,223,156
34,72,190,126
34,73,158,101
34,74,148,100
34,75,154,102
34,76,140,82
34,77,124,82
34,78,127,86
34,79,128,82
34,80,994,686
35,18,58,41
35,19,54,36
35,20,83,65
35,21,60,47
35,22,79,55
35,23,74,48
35,24,67,51
35,25,78,49
35,26,53,33
35,27,72,53
35,28,84,48
35,29,73,48
35,30,109,75
35,31,73,38
35,32,91,50
35,33,95,65
35,34,91,57
35,35,118,79
35,36,111,73
35,37,93,59
35,38,107,62
35,39,86,49
35,40,120,82
35,41,67,40
35,42,115,73
35,43,96,66
35,44,96,67
35,45,103,74
35,46,119,76
35,47,138,94
35,48,113,75
35,49,113,73
35,50,182,129
35,51,131,92
35,52,188,113
35,53,184,114
35,54,209,144
35,55,198,134
35,56,183,124
35,57,212,140
35,58,201,136
35,59,201,139
35,60,201,142
35,61,189,128
35,62,248,170
35,63,224,165
35,64,234,172
35,65,218,159
35,66,192,132
35,67,257,188
35,68,187,128
35,69,147,104
35,70,198,140
35,71,159,130
35,72,156,124
35,73,125,95
35,74,112,92
35,75,110,80
35,76,114,91
35,77,130,94
35,78,112,89
35,79,96,73
35,80,606,466
36,18,50,30
36,19,57,42
36,20,39,24
36,21,63,40
36,22,65,46
36,23,74,46
36,24,54,32
36,25,82,54
36,26,66,42
36,27,92,60
36,28,79,45
36,29,67,40
36,30,89,51
36,31,62,33
36,32,83,47
36,33,82,44
36,34,75,47
36,35,89,60
36,36,73,41
36,37,80,47
36,38,72,44
36,39,77,41
36,40,97,57
36,41,89,53
36,42,81,51
36,43,104,58
36,44,103,67
36,45,96,51
36,46,114,63
36,47,92,66
36,48,115,61
36,49,103,67
36,50,152,98
36,51,102,60
36,52,157,79
36,53,144,88
36,54,135,87
36,55,141,81
36,56,137,90
36,57,149,91
36,58,155,94
36,59,162,99
36,60,174,110
36,61,177,115
36,62,162,105
36,63,142,93
36,64,110,64
36,65,154,93
36,66,119,73
36,67,138,104
36,68,106,68
36,69,117,86
36,70,135,91
36,71,96,64
36,72,113,82
36,73,93,61
36,74,71,52
36,75,92,61
36,76,84,51
36,77,86,61
36,78,61,42
36,79,82,53
36,80,527,367
37,18,62,47
37,19,50,33
37,20,60,46
37,21,78,52
37,22,57,40
37,23,56,35
37,24,71,39
37,25,69,49
37,26,89,62
37,27,69,46
37,28,81,49
37,29,79,45
37,30,103,68
37,31,66,43
37,32,91,62
37,33,86,56
37,34,84,48
37,35,95,62
37,36,76,51
37,37,83,44
37,38,83,57
37,39,89,58
37,40,125,78
37,41,93,58
37,42,101,74
37,43,118,83
37,44,118,78
37,45,90,52
37,46,105,57
37,47,118,70
37,48,120,78
37,49,126,74
37,50,129,87
37,51,103,63
37,52,135,83
37,53,129,81
37,54,98,61
37,55,152,101
37,56,142,79
37,57,157,99
37,58,142,90
37,59,158,103
37,60,175,114
37,61,139,97
37,62,184,128
37,63,192,129
37,64,165,103
37,65,173,128
37,66,185,119
37,67,213,157
37,68,136,100
37,69,108,82
37,70,156,116
37,71,119,79
37,72,104,76
37,73,109,86
37,74,90,70
37,75,107,74
37,76,80,63
37,77,91,71
37,78,83,59
37,79,67,46
37,80,552,406
38,18,47,38
38,19,48,34
38,20,36,27
38,21,60,44
38,22,43,29
38,23,50,36
38,24,63,44
38,25,52,33
38,26,57,33
38,27,61,43
38,28,74,51
38,29,63,38
38,30,75,43
38,31,59,43
38,32,60,38
38,33,80,45
38,34,85,56
38,35,78,51
38,36,79,44
38,37,101,74
38,38,85,52
38,39,84,59
38,40,92,62
38,41,79,49
38,42,84,56
38,43,82,54
38,44,84,60
38,45,93,69
38,46,89,57
38,47,117,79
38,48,106,72
38,49,90,69
38,50,154,101
38,51,104,77
38,52,170,111
38,53,138,91
38,54,161,111
38,55,179,125
38,56,173,124
38,57,165,114
38,58,194,143
38,59,191,142
38,60,216,160
38,61,192,142
38,62,240,172
38,63,201,149
38,64,173,130
38,65,186,144
38,66,173,140
38,67,187,135
38,68,144,121
38,69,128,105
38,70,149,105
38,71,123,99
38,72,133,101
38,73,142,106
38,74,100,77
38,75,112,88
38,76,112,89
38,77,108,86
38,78,100,73
38,79,83,62
38,80,797,592
39,18,75,53
39,19,63,45
39,20,54,30
39,21,59,41
39,22,59,41
39,23,68,46
39,24,72,46
39,25,76,46
39,26,68,39
39,27,71,43
39,28,92,59
39,29,71,44
39,30,85,51
39,31,75,48
39,32,103,56
39,33,79,42
39,34,93,57
39,35,89,51
39,36,116,67
39,37,108,59
39,38,104,67
39,39,93,54
39,40,117,70
39,41,117,63
39,42,145,83
39,43,136,79
39,44,139,74
39,45,129,82
39,46,157,92
39,47,177,110
39,48,159,84
39,49,144,80
39,50,202,121
39,51,179,95
39,52,221,133
39,53,214,127
39,54,225,131
39,55,248,146
39,56,260,147
39,57,291,179
39,58,270,166
39,59,229,135
39,60,268,161
39,61,258,153
39,62,300,204
39,63,280,208
39,64,301,190
39,65,308,200
39,66,254,169
39,67,295,204
39,68,191,138
39,69,170,120
39,70,203,144
39,71,200,156
39,72,199,144
39,73,203,149
39,74,176,129
39,75,189,148
39,76,160,120
39,77,149,110
39,78,139,111
39,79,122,88
39,80,1032,759
40,18,51,34
40,19,58,36
40,20,61,45
40,21,57,42
40,22,55,40
40,23,71,41
40,24,71,41
40,25,59,36
40,26,66,33
40,27,73,43
40,28,76,48
40,29,67,41
40,30,88,49
40,31,75,47
40,32,93,62
40,33,98,53
40,34,91,49
40,35,85,58
40,36,80,38
40,37,108,67
40,38,102,69
40,39,86,46
40,40,115,74
40,41,96,57
40,42,97,56
40,43,113,78
40,44,86,51
40,45,102,57
40,46,103,61
40,47,109,64
40,48,114,69
40,49,108,72
40,50,143,82
40,51,131,75
40,52,164,85
40,53,146,88
40,54,168,97
40,55,159,107
40,56,173,112
40,57,181,111
40,58,183,114
40,59,176,114
40,60,211,135
40,61,192,125
40,62,206,149
40,63,218,141
40,64,177,119
40,65,231,162
40,66,203,143
40,67,183,130
40,68,180,124
40,69,147,98
40,70,183,137
40,71,166,121
40,72,158,120
40,73,162,133
40,74,150,113
40,75,129,95
40,76,125,86
40,77,134,107
40,78,112,92
40,79,97,71
40,80,741,555
41,18,42,35
41,19,39,23
41,20,38,27
41,21,37,26
41,22,36,28
41,23,38,26
41,24,49,37
41,25,52,37
41,26,32,26
41,27,46,29
41,28,49,32
41,29,45,35
41,30,59,37
41,31,47,33
41,32,51,28
41,33,49,24
41,34,39,22
41,35,40,24
41,36,52,33
41,37,61,43
41,38,50,31
41,39,57,39
41,40,48,26
41,41,43,26
41,42,60,41
41,43,52,35
41,44,62,40
41,45,73,53
41,46,68,48
41,47,69,42
41,48,83,49
41,49,68,47
41,50,92,65
41,51,66,51
41,52,87,59
41,53,76,48
41,54,86,62
41,55,101,66
41,56,91,59
41,57,120,74
41,58,111,70
41,59,124,97
41,60,114,81
41,61,109,72
41,62,152,107
41,63,113,77
41,64,119,89
41,65,156,114
41,66,127,97
41,67,151,115
41,68,131,97
41,69,121,94
41,70,120,98
41,71,105,80
41,72,104,80
41,73,106,83
41,74,82,64
41,75,74,56
41,76,76,63
41,77,64,55
41,78,77,54
41,79,55,47
41,80,479,360
42,18,62,36
42,19,61,43
42,20,59,36
42,21,64,46
42,22,68,50
42,23,81,46
42,24,101,56
42,25,88,54
42,26,73,48
42,27,75,44
42,28,85,56
42,29,83,51
42,30,96,64
42,31,84,52
42,32,95,57
42,33,108,57
42,34,107,64
42,35,107,55
42,36,117,74
42,37,91,53
42,38,119,68
42,39,109,68
42,40,124,70
42,41,118,59
42,42,134,73
42,43,140,99
42,44,140,82
42,45,156,101
42,46,132,75
42,47,166,98
42,48,146,90
42,49,174,100
42,50,201,111
42,51,188,109
42,52,218,133
42,53,212,124
42,54,223,133
42,55,237,141
42,56,234,142
42,57,267,150
42,58,240,162
42,59,247,152
42,60,283,178
42,61,309,191
42,62,288,206
42,63,271,175
42,64,227,147
42,65,283,185
42,66,244,190
42,67,290,205
42,68,210,161
42,69,188,136
42,70,232,177
42,71,217,149
42,72,213,146
42,73,163,114
42,74,158,109
42,75,157,116
42,76,161,119
42,77,143,101
42,78,115,85
42,79,140,96
42,80,1071,750
44,18,19,13
44,19,24,18
44,20,42,23
44,21,34,22
44,22,35,24
44,23,34,21
44,24,42,26
44,25,41,25
44,26,51,33
44,27,44,30
44,28,49,28
44,29,33,17
44,30,50,33
44,31,43,21
44,32,49,28
44,33,40,24
44,34,48,28
44,35,66,40
44,36,70,44
44,37,68,43
44,38,58,38
44,39,71,45
44,40,63,35
44,41,63,35
44,42,90,54
44,43,88,54
44,44,85,46
44,45,105,68
44,46,84,51
44,47,107,66
44,48,115,71
44,49,106,63
44,50,114,75
44,51,136,75
44,52,140,81
44,53,155,99
44,54,122,83
44,55,145,81
44,56,139,75
44,57,171,99
44,58,166,106
44,59,150,92
44,60,184,132
44,61,191,137
44,62,217,146
44,63,178,122
44,64,145,101
44,65,155,107
44,66,152,97
44,67,175,122
44,68,128,95
44,69,108,72
44,70,107,79
44,71,121,90
44,72,110,78
44,73,98,73
44,74,91,67
44,75,90,63
44,76,75,50
44,77,74,56
44,78,68,44
44,79,55,41
44,80,573,425
45,18,83,57
45,19,64,39
45,20,77,50
45,21,83,50
45,22,74,52
45,23,98,54
45,24,88,50
45,25,89,55
45,26,105,65
45,27,103,65
45,28,86,49
45,29,93,55
45,30,117,62
45,31,94,61
45,32,117,68
45,33,112,59
45,34,104,56
45,35,115,65
45,36,105,48
45,37,112,64
45,38,103,67
45,39,116,68
45,40,123,65
45,41,99,64
45,42,138,81
45,43,144,83
45,44,137,81
45,45,140,83
45,46,133,80
45,47,151,96
45,48,186,97
45,49,179,94
45,50,216,123
45,51,169,104
45,52,180,105
45,53,230,138
45,54,199,102
45,55,230,129
45,56,218,133
45,57,250,178
45,58,235,135
45,59,218,135
45,60,271,173
45,61,238,156
45,62,249,162
45,63,263,171
45,64,299,200
45,65,296,199
45,66,271,199
45,67,318,214
45,68,251,168
45,69,246,178
45,70,241,179
45,71,231,170
45,72,224,166
45,73,199,134
45,74,170,126
45,75,177,139
45,76,151,104
45,77,140,96
45,78,143,107
45,79,109,81
45,80,825,595
46,18,69,56
46,19,46,37
46,20,55,43
46,21,55,34
46,22,50,38
46,23,47,39
46,24,82,56
46,25,65,48
46,26,61,44
46,27,71,48
46,28,96,63
46,29,90,68
46,30,78,58
46,31,79,53
46,32,107,71
46,33,97,64
46,34,83,63
46,35,84,60
46,36,71,57
46,37,101,69
46,38,97,66
46,39,76,51
46,40,82,58
46,41,69,47
46,42,94,60
46,43,99,71
46,44,94,63
46,45,95,72
46,46,92,60
46,47,96,74
46,48,103,80
46,49,115,77
46,50,125,87
46,51,137,100
46,52,144,105
46,53,145,100
46,54,149,101
46,55,150,101
46,56,152,114
46,57,153,111
46,58,156,111
46,59,135,105
46,60,173,115
46,61,160,123
46,62,160,121
46,63,152,111
46,64,183,135
46,65,184,149
46,66,164,132
46,67,158,123
46,68,126,99
46,69,112,88
46,70,142,113
46,71,123,88
46,72,97,74
46,73,109,88
46,74,119,91
46,75,115,94
46,76,94,83
46,77,97,74
46,78,93,74
46,79,79,57
46,80,715,582
47,18,26,16
47,19,24,19
47,20,21,12
47,21,27,16
47,22,28,16
47,23,33,19
47,24,32,24
47,25,36,22
47,26,33,16
47,27,42,28
47,28,27,19
47,29,37,22
47,30,39,23
47,31,26,16
47,32,41,27
47,33,40,15
47,34,45,25
47,35,29,14
47,36,39,28
47,37,39,20
47,38,44,28
47,39,46,29
47,40,56,32
47,41,39,21
47,42,43,25
47,43,43,24
47,44,48,32
47,45,68,40
47,46,58,27
47,47,62,41
47,48,67,33
47,49,69,35
47,50,95,65
47,51,74,43
47,52,81,50
47,53,103,60
47,54,72,46
47,55,84,46
47,56,99,57
47,57,107,78
47,58,108,68
47,59,96,58
47,60,97,57
47,61,111,70
47,62,137,88
47,63,119,77
47,64,119,76
47,65,131,89
47,66,111,82
47,67,126,86
47,68,99,66
47,69,86,60
47,70,116,91
47,71,84,57
47,72,106,73
47,73,89,63
47,74,83,62
47,75,85,63
47,76,63,50
47,77,59,46
47,78,65,52
47,79,70,47
47,80,412,286
48,18,127,85
48,19,136,92
48,20,139,98
48,21,132,91
48,22,135,94
48,23,140,90
48,24,136,86
48,25,142,95
48,26,134,83
48,27,178,117
48,28,142,89
48,29,166,110
48,30,180,118
48,31,175,109
48,32,182,119
48,33,180,112
48,34,197,128
48,35,198,132
48,36,175,105
48,37,196,116
48,38,175,108
48,39,185,118
48,40,211,151
48,41,169,107
48,42,212,133
48,43,211,141
48,44,214,130
48,45,216,148
48,46,194,126
48,47,197,126
48,48,247,156
48,49,245,159
48,50,294,178
48,51,221,128
48,52,265,165
48,53,271,189
48,54,282,175
48,55,276,189
48,56,310,196
48,57,283,192
48,58,271,172
48,59,321,221
48,60,319,219
48,61,279,191
48,62,334,220
48,63,352,249
48,64,326,219
48,65,372,261
48,66,328,229
48,67,353,257
48,68,325,226
48,69,269,190
48,70,280,216
48,71,290,228
48,72,226,175
48,73,243,171
48,74,258,193
48,75,239,194
48,76,209,162
48,77,214,167
48,78,213,152
48,79,202,151
48,80,1324,983
49,18,204,147
49,19,159,115
49,20,147,99
49,21,228,167
49,22,256,178
49,23,201,136
49,24,217,156
49,25,265,179
49,26,203,141
49,27,202,137
49,28,232,156
49,29,203,135
49,30,240,152
49,31,260,165
49,32,332,216
49,33,289,201
49,34,316,202
49,35,375,247
49,36,314,202
49,37,305,200
49,38,344,231
49,39,308,208
49,40,345,228
49,41,244,169
49,42,308,209
49,43,284,191
49,44,313,212
49,45,320,195
49,46,233,165
49,47,251,174
49,48,246,164
49,49,248,164
49,50,297,201
49,51,238,162
49,52,321,203
49,53,272,192
49,54,298,191
49,55,311,210
49,56,311,215
49,57,326,215
49,58,313,228
49,59,327,217
49,60,346,227
49,61,262,188
49,62,310,227
49,63,288,212
49,64,303,204
49,65,305,214
49,66,295,214
49,67,318,241
49,68,212,164
49,69,222,158
49,70,264,195
49,71,216,170
49,72,206,157
49,73,201,159
49,74,184,136
49,75,167,134
49,76,160,124
49,77,170,131
49,78,157,124
49,79,127,98
49,80,1059,807
50,18,49,38
50,19,53,47
50,20,41,29
50,21,50,35
50,22,40,28
50,23,55,44
50,24,55,37
50,25,53,34
50,26,63,43
50,27,50,28
50,28,70,49
50,29,57,41
50,30,63,46
50,31,67,40
50,32,63,47
50,33,83,57
50,34,75,53
50,35,65,44
50,36,64,36
50,37,86,57
50,38,72,43
50,39,66,45
50,40,88,56
50,41,88,53
50,42,102,70
50,43,94,63
50,44,97,68
50,45,104,69
50,46,103,68
50,47,118,80
50,48,135,95
50,49,115,84
50,50,138,85
50,51,140,93
50,52,152,102
50,53,138,89
50,54,136,91
50,55,150,101
50,56,146,100
50,57,155,124
50,58,162,111
50,59,161,119
50,60,171,113
50,61,166,114
50,62,164,126
50,63,153,114
50,64,143,113
50,65,159,125
50,66,140,101
50,67,155,129
50,68,117,96
50,69,94,64
50,70,130,94
50,71,105,83
50,72,90,64
50,73,77,61
50,74,87,62
50,75,63,45
50,76,78,61
50,77,69,50
50,78,55,40
50,79,57,45
50,80,340,245
51,18,55,37
51,19,51,33
51,20,55,33
51,21,54,29
51,22,60,40
51,23,69,42
51,24,76,52
51,25,77,53
51,26,68,36
51,27,101,53
51,28,86,52
51,29,98,63
51,30,97,63
51,31,98,58
51,32,93,51
51,33,110,65
51,34,111,53
51,35,118,72
51,36,111,62
51,37,91,53
51,38,123,80
51,39,116,75
51,40,136,81
51,41,114,68
51,42,120,81
51,43,150,93
51,44,139,91
51,45,141,79
51,46,142,77
51,47,154,88
51,48,168,94
51,49,166,104
51,50,231,134
51,51,164,110
51,52,194,114
51,53,211,134
51,54,212,131
51,55,221,143
51,56,209,129
51,57,227,140
51,58,205,125
51,59,211,139
51,60,306,190
51,61,189,112
51,62,235,161
51,63,220,161
51,64,196,136
51,65,248,171
51,66,192,133
51,67,194,139
51,68,169,119
51,69,142,107
51,70,180,131
51,71,194,146
51,72,152,118
51,73,139,100
51,74,123,94
51,75,137,96
51,76,99,71
51,77,91,64
51,78,105,73
51,79,93,72
51,80,627,476
53,18,80,66
53,19,63,58
53,20,48,35
53,21,70,54
53,22,82,57
53,23,82,59
53,24,79,54
53,25,85,50
53,26,73,45
53,27,89,64
53,28,80,52
53,29,84,57
53,30,98,63
53,31,80,51
53,32,98,64
53,33,96,57
53,34,77,57
53,35,110,74
53,36,120,73
53,37,112,82
53,38,114,71
53,39,88,59
53,40,124,84
53,41,94,67
53,42,122,90
53,43,149,105
53,44,120,77
53,45,136,95
53,46,143,100
53,47,158,110
53,48,129,71
53,49,174,128
53,50,175,114
53,51,163,103
53,52,164,106
53,53,168,110
53,54,207,130
53,55,200,132
53,56,202,131
53,57,226,147
53,58,206,136
53,59,234,167
53,60,246,176
53,61,232,164
53,62,252,175
53,63,298,208
53,64,228,168
53,65,222,172
53,66,248,189
53,67,277,211
53,68,240,188
53,69,182,142
53,70,224,175
53,71,199,157
53,72,180,137
53,73,182,135
53,74,170,121
53,75,145,99
53,76,127,97
53,77,133,106
53,78,120,85
53,79,133,97
53,80,846,662
54,18,40,35
54,19,35,30
54,20,29,20
54,21,55,40
54,22,49,32
54,23,56,35
54,24,46,27
54,25,56,35
54,26,41,25
54,27,42,25
54,28,53,32
54,29,57,29
54,30,54,29
54,31,54,28
54,32,75,39
54,33,71,41
54,34,64,34
54,35,65,40
54,36,62,37
54,37,72,39
54,38,69,46
54,39,56,31
54,40,93,50
54,41,66,39
54,42,80,47
54,43,92,48
54,44,85,49
54,45,100,49
54,46,88,48
54,47,118,65
54,48,102,54
54,49,84,48
54,50,111,62
54,51,102,62
54,52,122,66
54,53,117,69
54,54,115,61
54,55,126,70
54,56,147,80
54,57,151,99
54,58,134,78
54,59,165,99
54,60,179,119
54,61,158,94
54,62,155,108
54,63,132,87
54,64,142,98
54,65,187,120
54,66,129,86
54,67,152,111
54,68,127,87
54,69,115,92
54,70,109,72
54,71,104,72
54,72,97,81
54,73,118,82
54,74,84,63
54,75,96,71
54,76,78,58
54,77,80,59
54,78,63,47
54,79,74,51
54,80,421,299
55,18,74,53
55,19,65,50
55,20,71,51
55,21,75,48
55,22,64,50
55,23,80,56
55,24,77,55
55,25,62,38
55,26,74,46
55,27,69,41
55,28,75,45
55,29,89,60
55,30,70,45
55,31,79,46
55,32,70,40
55,33,77,47
55,34,79,43
55,35,90,61
55,36,89,58
55,37,80,52
55,38,93,54
55,39,89,60
55,40,97,66
55,41,85,54
55,42,95,64
55,43,87,61
55,44,107,61
55,45,121,84
55,46,104,68
55,47,126,78
55,48,119,77
55,49,117,70
55,50,136,93
55,51,125,88
55,52,152,94
55,53,151,102
55,54,174,117
55,55,172,111
55,56,148,106
55,57,180,117
55,58,173,123
55,59,178,119
55,60,216,153
55,61,164,116
55,62,212,147
55,63,186,131
55,64,159,125
55,65,176,133
55,66,165,127
55,67,174,138
55,68,149,111
55,69,124,97
55,70,141,104
55,71,130,99
55,72,134,109
55,73,92,70
55,74,102,71
55,75,102,78
55,76,97,72
55,77,77,62
55,78,77,56
55,79,88,67
55,80,538,427
56,18,16,12
56,19,19,14
56,20,25,18
56,21,15,11
56,22,16,15
56,23,30,18
56,24,16,12
56,25,27,16
56,26,20,12
56,27,27,15
56,28,33,22
56,29,33,17
56,30,46,30
56,31,39,23
56,32,51,39
56,33,58,38
56,34,47,36
56,35,71,42
56,36,48,29
56,37,66,51
56,38,48,34
56,39,42,28
56,40,74,45
56,41,55,36
56,42,73,53
56,43,52,29
56,44,61,42
56,45,52,40
56,46,56,39
56,47,61,46
56,48,65,44
56,49,64,46
56,50,93,65
56,51,79,63
56,52,106,72
56,53,115,82
56,54,137,98
56,55,144,105
56,56,145,100
56,57,129,99
56,58,157,109
56,59,145,101
56,60,173,126
56,61,213,155
56,62,185,132
56,63,233,174
56,64,163,118
56,65,153,112
56,66,189,139
56,67,192,142
56,68,134,100
56,69,128,97
56,70,151,118
56,71,138,102
56,72,164,128
56,73,131,101
56,74,117,90
56,75,105,76
56,76,98,73
56,77,122,96
56,78,93,59
56,79,83,66
56,80,791,594
